Workbook

Sheet Hübsch
B1: Fermentationsmodell | M1: Zeitlicher Ablauf
B2: Modell-Nr. | C2: 1 | M2: Phase | N2: 1 | O2: 2 | P2: 3 | Q2: 4
B3: Organismus | C3: =VLOOKUP($C$2,ModelDB[],3,FALSE) -> S.cerevisiae | M3: Dauer in h | N3: 20 | O3: 20 | U3: Nur in grüne Zellen schreiben!
M4: Wenn Phase nicht gebraucht wird -> 0 eintragen
B5: Druck | C5: EFT | D5: barg | F5: EFT | G5: Drehzahl in rpm | M5: Gesamt | O5: =SUM(N3:Q3) -> 40 | P5: h
C6: 0 | D6: 0 | F6: 0 | G6: 500
C7: =C6+$N$3 -> 20 | D7: 0.2 | F7: =F6+$N$3 -> 20 | G7: 1000
C8: =C7+$O$3 -> 40 | F8: =F7+$O$3 -> 40
C9: =C8+$P$3 -> 40 | F9: =F8+$P$3 -> 40
R12: =VLOOKUP($C$2,ModelDB[],4,FALSE) -> Glucose
P13: EFT | Q13: Bolus in g/L | R13: Feed in g/(L*h)
B14: Zuluft | C14: EFT | D14: NL/min | K14: Setpoints | P14: 0 | Q14: 5
C15: 0 | D15: 80 | G15: Vmax | I15: 1 | K15: T | L15: 30 | M15: °C | P15: =P14+$N$3 -> 20 | R15: 4
C16: =C15+$N$3 -> 20 | D16: 100 | G16: =50 -> 50 | H16: L | I16: 2 | K16: pH | L16: 6.5 | P16: =P15+$O$3 -> 40
C17: =C16+$O$3 -> 40 | I17: 3 | P17: =P16+$P$3 -> 40
C18: =C17+$P$3 -> 40 | G18: Vstart | I18: 4 | P18: Gesamt | Q18: =SUM(Q14:Q17) -> 5 | R18: =SUMPRODUCT(Input_Array!D4:D7,Input_Array!H4:H7) -> 80
G19: 100 | H19: L | I19: 5 | K19: Startwerte
I20: 6 | R20: =VLOOKUP($C$2,ModelDB[],5,FALSE) -> (NH4)2SO4
I21: 7 | K21: BTM | L21: 0.1 | M21: g/L | P21: EFT | Q21: Bolus in g/L
I22: 8 | K22: DO | L22: 100 | M22: % | P22: 0 | Q22: 5
B23: Produkt | C23: =VLOOKUP($C$2,ModelDB[],6,FALSE) -> Ethanol | I23: 9 | P23: =P22+$N$3 -> 20 | Q23: 10
I24: 10 | P24: =P23+$O$3 -> 40
I25: 11 | P25: =P24+$P$3 -> 40
I26: 12 | P26: Gesamt | Q26: =SUM(Q22:Q25) -> 15
I27: 13
I28: 14
I29: 15

Sheet Input_Array
A1: Fermentationsparametertabelle - "Fpar"
A3: Phase | B3: Q_Air | C3: Bolus_C | D3: Feed_C | E3: Bolus_N | F3: Drehzahl | G3: Druck | H3: Dauer | I3: V_L | J3: T | K3: pH | L3: DO | M3: Q_Out | N3: c_x0 | O3: Q_In | P3: Feed_N | Q3: Model
A4: 1 | B4: =Hübsch!D15 -> 80 | C4: {=Hübsch!Q14:Q17} -> 5 | D4: =Hübsch!R14 -> 0 | E4: =Hübsch!Q22 -> 5 | F4: =Hübsch!G6 -> 500 | G4: =Hübsch!D6 -> 0 | H4: =Hübsch!N3 -> 20 | I4: =Hübsch!$G$19 -> 100 | J4: =Hübsch!$L$15 -> 30 | K4: =Hübsch!$L$16 -> 6.5 | L4: =Hübsch!L22 -> 100 | N4: =Hübsch!L21 -> 0.1 | O4: 0 | Q4: =Hübsch!C2 -> 1
A5: 2 | B5: =Hübsch!D16 -> 100 | C5: 0 | D5: =Hübsch!R15 -> 4 | E5: =Hübsch!Q23 -> 10 | F5: =Hübsch!G7 -> 1000 | G5: =Hübsch!D7 -> 0.2 | H5: =Hübsch!O3 -> 20 | I5: =Hübsch!$G$19 -> 100 | J5: =Hübsch!$L$15 -> 30 | K5: =Hübsch!$L$16 -> 6.5 | O5: 0
A6: 3 | B6: =Hübsch!D17 -> 0 | C6: 0 | D6: =Hübsch!R16 -> 0 | E6: =Hübsch!Q24 -> 0 | F6: =Hübsch!G8 -> 0 | G6: =Hübsch!D8 -> 0 | H6: =Hübsch!P3 -> 0 | I6: =Hübsch!$G$19 -> 100 | J6: =Hübsch!$L$15 -> 30 | K6: =Hübsch!$L$16 -> 6.5 | O6: 0
A7: 4 | B7: =Hübsch!D18 -> 0 | C7: 0 | D7: =Hübsch!R17 -> 0 | E7: =Hübsch!Q25 -> 0 | F7: =Hübsch!G9 -> 0 | G7: =Hübsch!D9 -> 0 | H7: =Hübsch!Q3 -> 0 | I7: =Hübsch!$G$19 -> 100 | J7: =Hübsch!$L$15 -> 30 | K7: =Hübsch!$L$16 -> 6.5 | O7: 0
A11: Reaktorparameter
A13: Parameter | B13: level | C13: h_to_D | D13: d_to_D | E13: N_stirrer
B14: 0.7 | C14: 3 | D14: 0.333 | E14: 2
A20: Modellparametertaberlle Mpar
A22: mumax | B22: KS1 | C22: KS2 | D22: KMS1 | E22: YXS1 | F22: YXS2 | G22: YXO2 | H22: KS_O2 | I22: Prod | J22: alpha | K22: beta | L22: YPS1 | M22: RQ_x | N22: Y_CO2_P | O22: pH_min | P22: pH_opt | Q22: pH_max | R22: T_min | S22: T_opt | T22: T_max | U22: Substrat 1 | V22: Substrat 2 | W22: Produkt | X22: Mikroorganismus | Y22: Beschreibung
A23: =VLOOKUP(Hübsch!$C$2,ModelDB[#All],7,FALSE) -> 0.46209812 | B23: =VLOOKUP(Hübsch!$C$2,ModelDB[#All],8,FALSE) -> 0.1 | C23: =VLOOKUP(Hübsch!$C$2,ModelDB[#All],9,FALSE) -> 0.01 | D23: =VLOOKUP(Hübsch!$C$2,ModelDB[#All],10,FALSE) -> 5 | E23: =VLOOKUP(Hübsch!$C$2,ModelDB[#All],11,FALSE) -> 0.48 | F23: =VLOOKUP(Hübsch!$C$2,ModelDB[#All],12,FALSE) -> 8 | G23: =VLOOKUP(Hübsch!$C$2,ModelDB[#All],13,FALSE) -> 4.81 | H23: =VLOOKUP(Hübsch!$C$2,ModelDB[#All],14,FALSE) -> 9.6e-05 | I23: =VLOOKUP(Hübsch!$C$2,ModelDB[#All],15,FALSE) -> 1 | J23: 0.5 | K23: =VLOOKUP(Hübsch!$C$2,ModelDB[#All],17,FALSE) -> 0.88 | L23: =VLOOKUP(Hübsch!$C$2,ModelDB[#All],18,FALSE) -> 0.46 | M23: =VLOOKUP(Hübsch!$C$2,ModelDB[#All],19,FALSE) -> 1 | N23: =VLOOKUP(Hübsch!$C$2,ModelDB[#All],20,FALSE) -> 0.95528544 | O23: =VLOOKUP(Hübsch!$C$2,ModelDB[#All],21,FALSE) -> 2.5 | P23: =VLOOKUP(Hübsch!$C$2,ModelDB[#All],22,FALSE) -> 5 | Q23: =VLOOKUP(Hübsch!$C$2,ModelDB[#All],23,FALSE) -> 8.2 | R23: =VLOOKUP(Hübsch!$C$2,ModelDB[#All],24,FALSE) -> 1.45 | S23: =VLOOKUP(Hübsch!$C$2,ModelDB[#All],25,FALSE) -> 35.26 | T23: =VLOOKUP(Hübsch!$C$2,ModelDB[#All],26,FALSE) -> 41.48 | U23: =VLOOKUP(Hübsch!$C$2,ModelDB[#All],4,FALSE) -> Glucose | V23: =VLOOKUP(Hübsch!$C$2,ModelDB[#All],5,FALSE) -> (NH4)2SO4 | W23: =VLOOKUP(Hübsch!$C$2,ModelDB[#All],6,FALSE) -> Ethanol | X23: =VLOOKUP(Hübsch!$C$2,ModelDB[#All],3,FALSE) -> S.cerevisiae | Y23: =VLOOKUP(Hübsch!$C$2,ModelDB[#All],2,FALSE) -> nicht wachstumsassoziierte Ethanolbildung mit hohem Ks --> höhere Biomassegehalte bei niedrigen Substrat 1 konz.
A36: Modellparameterdatenbank
A37: 1 | B37: 2 | C37: 3 | D37: 4 | E37: 5 | F37: 6 | G37: 7 | H37: 8 | I37: 9 | J37: 10 | K37: 11 | L37: 12 | M37: 13 | N37: 14 | O37: 15 | P37: 16 | Q37: 17 | R37: 18 | S37: 19 | T37: 20 | U37: 21 | V37: 22 | W37: 23 | X37: 24 | Y37: 25 | Z37: 26 | AA37: 27
A38: Modell | B38: Beschreibung | C38: Mikroorganismus | D38: Substrat 1 | E38: Substrat 2 | F38: Produkt | G38: mumax | H38: KS1 | I38: KS2 | J38: KMS1 | K38: YXS1 | L38: YXS2 | M38: YXO2 | N38: KS_O2 | O38: Prod | P38: alpha | Q38: beta | R38: YPS1 | S38: RQ_x | T38: Y_CO2_P | U38: pH_min | V38: pH_opt | W38: pH_max | X38: T_min | Y38: T_opt | Z38: T_max | AA38: Bemerkung
A39: 1 | B39: nicht wachstumsassoziierte Ethanolbildung mit hohem Ks --> höhere Biomassegehalte bei niedrigen Substrat 1 konz. | C39: S.cerevisiae | D39: Glucose | E39: (NH4)2SO4 | F39: Ethanol | G39: 0.46209812 | H39: 0.1 | I39: 0.01 | J39: 5 | K39: 0.48 | L39: 8 | M39: 4.81 | N39: =9.6*10^(-5) -> 9.6e-05 | O39: 1 | P39: 0.5 | Q39: 0.88 | R39: 0.46 | S39: 1 | T39: =(2*44.01)/(2*46.07) -> 0.95528544 | U39: 2.5 | V39: 5 | W39: 8.2 | X39: 1.45 | Y39: 35.26 | Z39: 41.48
A40: 2 | C40: E.coli | D40: Glucose | E40: N-Quelle | G40: 2.0794415 | H40: 0.42 | I40: 0.1 | J40: 0.01 | K40: 0.54 | L40: 8 | M40: 4.81 | N40: =9.6*10^(-5) -> 9.6e-05 | O40: 1 | P40: 0 | Q40: 1 | R40: 0.46 | S40: 1 | T40: 1 | U40: 3.95 | V40: 6.16 | W40: 9.71 | X40: 9.23 | Y40: 35.46 | Z40: 45.77 | AA40: erdachte Parameter! Nicht getestet
A41: 3 | C41: E.coli Biomass | D41: C-Quelle | E41: N-Quelle | F41: Biomasse | G41: 2.0794415 | H41: 0.42 | I41: 0.1 | J41: 0.01 | K41: 0.54 | L41: 8 | M41: 4.81 | N41: =9.6*10^(-5) -> 9.6e-05 | O41: 0 | P41: 0 | Q41: 0 | R41: 0 | S41: 1 | T41: 0 | U41: 3.95 | V41: 6.16 | W41: 9.71 | X41: 9.23 | Y41: 35.46 | Z41: 45.77 | AA41: erdachte Parameter! Nicht getestet
A42: 4 | B42: PHB Produktion | C42: Cupriavidus necator | D42: Fructose | E42: NH4-N | F42: PHB | G42: 0.2 | H42: =10/1000 -> 0.01 | I42: =20/1000 -> 0.02 | J42: 0.01 | K42: 0.5 | L42: 8 | M42: 4.81 | N42: =9.6*10^(-5) -> 9.6e-05 | O42: 1 | P42: 0 | Q42: 0.015 | R42: 0.3 | S42: 1 | T42: =(2*44.01)/(1*(104-18)) -> 1.0234884 | AA42: Parameter aus Praktikum

Sheet ToDo
A2: Modellierung der Temp.Abhängigkeit von µ über Arrhenius Gleichung
